Name,Phone Number
Person_1,+1-555-681-6394
Person_2,+1-555-748-6035
Person_3,+1-555-895-5777
Person_4,+1-555-234-5345
Person_5,+1-555-284-4914
Person_6,+1-555-579-4253
Person_7,+1-555-280-1051
Person_8,+1-555-781-1351
Person_9,+1-555-798-3636
Person_10,+1-555-334-9832
Person_11,+1-555-782-8219
Person_12,+1-555-711-8054
Person_13,+1-555-409-8042
Person_14,+1-555-307-4360
Person_15,+1-555-505-7205
Person_16,+1-555-136-5307
Person_17,+1-555-806-8684
Person_18,+1-555-552-4758
Person_19,+1-555-556-1114
Person_20,+1-555-803-1463
Person_21,+1-555-209-9340
Person_22,+1-555-349-4781
Person_23,+1-555-885-2312
Person_24,+1-555-526-8348
Person_25,+1-555-423-1346
Person_26,+1-555-691-4382
Person_27,+1-555-438-4796
Person_28,+1-555-975-3314
Person_29,+1-555-701-5694
Person_30,+1-555-206-7485
Person_31,+1-555-727-8189
Person_32,+1-555-933-7559
Person_33,+1-555-131-1265
Person_34,+1-555-100-4112
Person_35,+1-555-359-9111
Person_36,+1-555-996-6531
Person_37,+1-555-533-6086
Person_38,+1-555-612-5345
Person_39,+1-555-184-2846
Person_40,+1-555-965-4863
Person_41,+1-555-906-8366
Person_42,+1-555-407-4407
Person_43,+1-555-479-9591
Person_44,+1-555-365-7972
Person_45,+1-555-444-2868
Person_46,+1-555-588-8014
Person_47,+1-555-826-1238
Person_48,+1-555-929-8724
Person_49,+1-555-148-3343
Person_50,+1-555-932-8581
Person_51,+1-555-808-9761
Person_52,+1-555-240-9380
Person_53,+1-555-777-6009
Person_54,+1-555-272-3214
Person_55,+1-555-334-2361
Person_56,+1-555-280-4926
Person_57,+1-555-137-6439
Person_58,+1-555-539-7487
Person_59,+1-555-965-5576
Person_60,+1-555-321-9425
Person_61,+1-555-834-2470
Person_62,+1-555-813-4227
Person_63,+1-555-227-6722
Person_64,+1-555-449-3615
Person_65,+1-555-615-7370
Person_66,+1-555-937-4119
Person_67,+1-555-388-8523
Person_68,+1-555-618-7425
Person_69,+1-555-104-3398
Person_70,+1-555-304-1083
Person_71,+1-555-782-9783
Person_72,+1-555-689-2330
Person_73,+1-555-618-6008
Person_74,+1-555-716-1514
Person_75,+1-555-887-1594
Person_76,+1-555-387-8353
Person_77,+1-555-374-4007
Person_78,+1-555-634-8064
Person_79,+1-555-203-3255
Person_80,+1-555-986-2147
Person_81,+1-555-577-6021
Person_82,+1-555-374-6661
Person_83,+1-555-338-6759
Person_84,+1-555-818-4925
Person_85,+1-555-539-7380
Person_86,+1-555-826-3279
Person_87,+1-555-342-2579
Person_88,+1-555-540-5174
Person_89,+1-555-721-9118
Person_90,+1-555-966-7604
Person_91,+1-555-589-2188
Person_92,+1-555-750-2926
Person_93,+1-555-991-4538
Person_94,+1-555-762-1831
Person_95,+1-555-527-1853
Person_96,+1-555-301-7308
Person_97,+1-555-596-8673
Person_98,+1-555-811-3542
Person_99,+1-555-858-2231
Person_100,+1-555-200-6507
