Id,Name,Table No
1,Patricia Thomas,T1
2,Robert Williams,T2
3,Susan Martin,T3
4,Joseph Davis,T4
5,Elizabeth Moore,T5
6,Linda Wilson,T6
7,Karen Garcia,T7
8,Barbara Martinez,T8
9,John Thomas,T9
10,Elizabeth Martin,T10
11,Michael Johnson,T11
12,David Anderson,T12
13,Jennifer Taylor,T13
14,James Brown,T14
15,Mary Rodriguez,T15
16,William Hernandez,T16
17,Margaret Lopez,T17
18,Richard Gonzalez,T18
19,Sandra Perez,T19
20,Christopher Lewis,T20
21,Patricia Thomas,T21
22,Matthew Lee,T22
23,Laura Walker,T23
24,Daniel White,T24
25,Lisa Harris,T25
26,Donald Clark,T26
27,Ruth King,T27
28,Thomas Wright,T28
29,Nancy Young,T29
30,Kimberly Hill,T30